{
    "r2": 0.14368805394839745,
    "mae": 0.605035475522906,
    "mse": 0.5529753323842951
}